"Abbot Osborne","1-782-796-7988","posuere.cubilia@aol.couk","Vietnam","Kayseri","$6,335"
"Abigail Hammond","(593) 636-8758","lorem@aol.ca","Brazil","Khyber Pakhtoonkhwa","$9,784"
"Abraham Lowe","1-413-165-3403","ullamcorper@outlook.edu","France","Hertfordshire","$9,026"
"Acton Carpenter","1-971-544-2152","sed.eu@icloud.net","New Zealand","Donetsk oblast","$8,583"
"Adele Vaughn","1-406-798-1469","egestas.ligula@google.ca","New Zealand","Burgenland","$6,531"
"Adria Kelly","(611) 336-1425","nulla.ante.iaculis@icloud.net","Sweden","Kujawsko-pomorskie","$6,982"
"Adrian Contreras","1-714-681-1766","lorem.donec@outlook.edu","Italy","Northern Cape","$6,000"
"Adrian Stark","(563) 681-1848","cras.sed.leo@icloud.net","Norway","Carinthia","$6,083"
"Ahmed Benjamin","1-209-437-8650","dictum@google.couk","Colombia","Manitoba","$6,507"
"Ahmed Callahan","(135) 492-2132","sapien.aenean@yahoo.net","Vietnam","Delaware","$6,460"
"Aidan Patrick","1-903-905-0227","sit@yahoo.ca","Colombia","North Maluku","$6,908"
"Akeem Owen","1-612-878-1587","pede.nec.ante@protonmail.org","Netherlands","La Libertad","$8,811"
"Alan Chen","1-652-234-4234","et@yahoo.com","South Korea","FATA","$5,350"
"Alexandra Villarreal","(430) 581-5641","nulla@yahoo.ca","France","North Region","$9,411"
"Alfonso Hardin","(870) 741-8179","tempus@outlook.couk","France","Free State","$9,447"
"Amal Velasquez","(874) 718-2241","turpis.aliquam@outlook.com","Philippines","North West","$8,500"
"Amela Briggs","(668) 249-4234","nibh.aliquam.ornare@outlook.couk","Poland","North-East Region","$5,122"
"Anastasia Hodge","(222) 388-3877","aptent.taciti@aol.org","Russian Federation","Araucanía","$9,509"
"Anthony Lawson","1-138-552-1991","consectetuer.rhoncus.nullam@google.com","Austria","North-East Region","$9,401"
"Arden Shelton","(933) 765-3787","diam@hotmail.ca","India","La Libertad","$5,859"
"Ariel Andrews","(764) 827-1877","tristique.ac@protonmail.org","Nigeria","Munster","$5,237"
"Armand Robbins","(100) 891-0777","feugiat.non@yahoo.org","Ireland","Hawaii","$6,647"
"Armando Farley","(223) 776-6786","mi@outlook.net","Australia","Arica y Parinacota","$6,930"
"Ashton Miller","(704) 643-3751","neque.sed@aol.com","Germany","Murcia","$5,479"
"Audrey Hayes","1-494-706-8691","sem.semper.erat@yahoo.ca","United Kingdom","North Island","$9,793"
"Audrey Williams","1-495-474-1317","condimentum.donec.at@icloud.couk","New Zealand","Connacht","$8,635"
"Aurora Silva","1-285-657-8423","aliquet@aol.ca","Costa Rica","Maluku","$9,179"
"Azalia Steele","(412) 843-3784","lectus@icloud.org","Singapore","Metropolitana de Santiago","$9,589"
"Barclay Daugherty","(541) 286-7145","aenean@yahoo.edu","Philippines","East Region","$7,913"
"Barrett Mcmillan","(237) 834-2814","donec@yahoo.com","Canada","Michigan","$7,927"
"Barry Rollins","1-841-465-4215","a.feugiat.tellus@icloud.edu","France","Connacht","$9,706"
"Baxter Gilbert","1-386-432-6507","risus.donec.nibh@hotmail.ca","Russian Federation","Cusco","$8,674"
"Beau Huffman","1-863-732-9965","sed.tortor@icloud.ca","Belgium","Ceará","$8,655"
"Bianca Green","1-265-282-4620","bibendum.donec@protonmail.org","Austria","Luxemburg","$7,325"
"Blossom Guerra","1-760-610-4131","tristique.neque@google.edu","Italy","North Island","$6,457"
"Blythe Craig","1-476-646-2439","fusce.mi@yahoo.couk","Ukraine","North Island","$9,762"
"Boris Grant","1-351-364-5654","quisque.ac@hotmail.ca","Singapore","Imo","$9,894"
"Brandon Lindsay","(493) 195-1711","lorem.eu.metus@hotmail.com","Costa Rica","Chernihiv oblast","$7,498"
"Brenden Martin","1-487-156-1623","donec.elementum@protonmail.couk","China","Lower Austria","$7,427"
"Brenden Mueller","(453) 625-8315","a.auctor.non@protonmail.net","Austria","Free State","$8,366"
"Brian Holmes","(756) 852-1173","consectetuer.adipiscing.elit@google.edu","New Zealand","Hidalgo","$8,812"
"Briar Green","(337) 796-9457","netus.et@icloud.net","New Zealand","Kaduna","$5,999"
"Briar Tate","(375) 538-5266","nunc.mauris.sapien@google.org","Germany","Balıkesir","$5,460"
"Brock Anthony","(874) 447-4511","lectus.nullam@icloud.edu","South Africa","Møre og Romsdal","$8,917"
"Brody Huber","(894) 312-8608","accumsan@hotmail.edu","Spain","Baja California","$9,750"
"Brooke Lawrence","(840) 611-8711","id.sapien.cras@hotmail.net","Netherlands","Kayseri","$8,294"
"Buffy Watkins","(203) 312-0672","auctor.non@outlook.net","India","Lower Austria","$8,061"
"Cade Gamble","1-473-892-3243","libero@google.couk","Italy","Hawaii","$9,839"
"Calista Nolan","1-892-223-0836","tristique.pharetra@aol.com","Germany","Boyacá","$7,397"
"Callum Brewer","(514) 123-4767","libero.proin@protonmail.org","Netherlands","Cambridgeshire","$5,770"
"Cameron Molina","(503) 256-6556","eget.dictum@hotmail.com","Brazil","Junín","$6,762"
"Camilla Holt","(764) 746-8985","elit.aliquam@google.org","South Korea","Euskadi","$9,960"
"Carly Bridges","(195) 463-3495","pellentesque.habitant@outlook.org","Mexico","Đà Nẵng","$9,734"
"Carol Wilder","1-189-276-7167","id.nunc.interdum@yahoo.edu","Peru","Andalucía","$8,908"
"Cassidy Jacobs","1-778-235-2768","morbi.vehicula.pellentesque@hotmail.ca","Poland","Araucanía","$9,091"
"Cassidy Newman","(368) 832-4421","risus.a@icloud.couk","Philippines","Munster","$7,251"
"Castor Lopez","(638) 216-8018","ipsum.primis@hotmail.ca","Norway","Banten","$6,658"
"Castor Rose","1-822-285-7654","non.luctus@yahoo.edu","Vietnam","Anglesey","$8,509"
"Catherine Cochran","(587) 914-0796","donec.felis@icloud.edu","Canada","Gilgit Baltistan","$5,614"
"Celeste Coleman","1-247-165-9682","augue.id.ante@icloud.org","Australia","Drenthe","$5,565"
"Chancellor Henson","1-656-930-3067","non.magna@yahoo.couk","Sweden","Galicia","$5,233"
"Charde Hunter","1-209-712-5401","in@google.ca","Chile","Leinster","$9,413"
"Clarke Short","1-859-735-7118","pellentesque.habitant.morbi@protonmail.ca","Philippines","Loreto","$6,593"
"Clio Barr","(924) 398-4043","et.arcu.imperdiet@yahoo.net","Russian Federation","Gujarat","$8,987"
"Clio Ramirez","(122) 304-2296","neque.sed.sem@icloud.net","Peru","Limpopo","$5,665"
"Cole Flynn","1-117-305-5121","ipsum@google.edu","Poland","Carinthia","$8,305"
"Colin Giles","1-485-247-5384","lectus.justo@yahoo.couk","Costa Rica","Nordrhein-Westphalen","$9,406"
"Colorado Lee","1-413-695-1248","amet.faucibus@google.net","Norway","Kherson oblast","$9,339"
"Colorado Patton","1-135-633-0656","dui.suspendisse@outlook.couk","China","Ancash","$7,989"
"Colt Fulton","(853) 289-6793","faucibus.leo@google.org","Philippines","Magallanes y Antártica Chilena","$8,677"
"Curran Ayers","(682) 217-2281","taciti.sociosqu@protonmail.ca","Vietnam","Catalunya","$7,726"
"Cynthia Green","(902) 310-0151","ipsum.ac@outlook.edu","South Korea","Lower Austria","$5,521"
"Dacey Lynn","(853) 851-4012","nec.metus@yahoo.org","Peru","Bayern","$8,561"
"Dacey Mann","1-527-535-5555","ullamcorper.velit@hotmail.ca","Singapore","KwaZulu-Natal","$8,374"
"Damian Kerr","(511) 714-4068","vitae.velit@hotmail.couk","France","Idaho","$7,641"
"Dane Blake","(762) 948-5072","metus.facilisis.lorem@icloud.couk","South Korea","Clackmannanshire","$8,880"
"Daphne Henderson","1-707-993-4758","laoreet.lectus.quis@hotmail.edu","Italy","Agder","$5,666"
"Daria Johnston","(655) 748-0772","duis.mi@aol.net","Indonesia","Northwest Territories","$9,193"
"Daryl Dean","(233) 485-9412","elit.pede@outlook.ca","New Zealand","Bryansk Oblast","$6,741"
"David Wyatt","(348) 156-1757","cum.sociis@protonmail.edu","France","Connacht","$6,270"
"Deborah Maldonado","1-524-795-8024","ipsum.non.arcu@icloud.ca","Norway","East Region","$5,937"
"Deirdre Golden","1-213-452-1381","cras.lorem@protonmail.edu","Costa Rica","Cusco","$7,374"
"Denise Hyde","(771) 748-2133","donec.luctus@hotmail.com","Sweden","Newfoundland and Labrador","$7,411"
"Dexter Holt","(211) 311-8227","maecenas@protonmail.com","Norway","La Libertad","$9,068"
"Dillon Anthony","(813) 592-4193","praesent.eu.dui@google.org","Indonesia","Leinster","$9,613"
"Dolan Church","(782) 533-1875","placerat@protonmail.ca","South Africa","Free State","$8,041"
"Dolan Holloway","(832) 127-2172","nisl.elementum@yahoo.ca","Netherlands","New South Wales","$5,235"
"Donna Klein","(587) 418-4982","nullam@google.edu","Mexico","Kaliningrad Oblast","$5,205"
"Donovan Hurst","(871) 927-8397","cras@protonmail.couk","Indonesia","North Chungcheong","$7,516"
"Dustin Randall","(795) 865-4513","egestas.urna@icloud.org","Germany","Munster","$7,158"
"Eagan Foley","(333) 773-9285","nonummy@google.net","Norway","Jeju","$9,351"
"Edan Riggs","(643) 777-4460","malesuada.vel.venenatis@outlook.couk","South Korea","Bà Rịa–Vũng Tàu","$5,121"
"Elaine England","(361) 531-0246","tristique.pharetra@aol.net","Colombia","Central Visayas","$6,899"
"Elliott Walker","1-509-874-6706","convallis.erat@icloud.couk","Italy","North Jeolla","$6,887"
"Emerald Alvarez","1-544-867-1874","mi@aol.net","South Africa","North West","$9,976"
"Erasmus Knapp","(819) 571-1111","rutrum.lorem@icloud.net","China","Dalarnas län","$8,808"
"Erasmus Lawson","(551) 779-1743","et.ultrices@icloud.edu","Mexico","Bicol Region","$9,193"
"Ethan Benjamin","(785) 635-6234","eget.dictum@hotmail.ca","United States","Burgenland","$6,461"
"Ethan Mcconnell","1-453-613-2826","tortor.nunc.commodo@outlook.org","Brazil","North Island","$6,116"
"Evelyn Duke","(565) 282-1742","dui.cras.pellentesque@aol.ca","Spain","Hatay","$7,321"
"Felix Vaughan","(926) 567-6467","sed@icloud.org","Brazil","Molise","$6,692"
"Fletcher Carney","(851) 201-8313","et.magnis@yahoo.ca","Turkey","Loreto","$7,443"
"Francis Gutierrez","1-886-473-4112","fringilla.cursus@outlook.ca","Brazil","Cusco","$8,218"
"Fulton Holland","1-978-106-1626","sollicitudin.commodo@icloud.org","United States","Manisa","$6,639"
"Garrett Sheppard","1-973-217-4277","nunc.est.mollis@hotmail.edu","South Korea","Dōngběi","$5,306"
"Garth Shelton","(798) 771-7046","ullamcorper.duis.at@icloud.org","Belgium","Inverness-shire","$7,337"
"Gavin Finch","(668) 241-1245","pellentesque.ut.ipsum@google.net","Peru","Aisén","$5,600"
"Gavin Gregory","(926) 142-0279","fermentum.risus@outlook.couk","Mexico","Daman and Diu","$7,071"
"Geraldine Lamb","1-567-265-7141","vivamus.non@protonmail.net","Brazil","Jönköpings län","$5,921"
"Germane Holmes","1-256-775-2815","nunc.est.mollis@aol.couk","United Kingdom","Galicia","$7,737"
"Giacomo Bentley","1-406-272-5441","accumsan.interdum@yahoo.couk","Netherlands","Lagos","$7,001"
"Grady Whitehead","(331) 804-1182","arcu.vestibulum@hotmail.com","United Kingdom","Champagne-Ardenne","$5,654"
"Hadassah Reese","(560) 730-1162","curabitur.vel@protonmail.net","Canada","Munster","$5,196"
"Hanae Durham","1-224-560-5034","proin.velit@aol.edu","Pakistan","Central Region","$5,235"
"Hanae Schultz","1-619-796-6718","adipiscing.elit@protonmail.net","United States","Araucanía","$6,955"
"Harding Dillon","1-460-463-4574","nunc.sed@hotmail.ca","Colombia","North Jeolla","$5,795"
"Harding Whitfield","1-972-848-4512","dictum.cursus@yahoo.org","Poland","Guerrero","$6,826"
"Harlan Parks","(325) 259-4456","ante.iaculis.nec@protonmail.org","Austria","Newfoundland and Labrador","$9,461"
"Hashim Hartman","(977) 448-3714","vitae.semper@yahoo.com","Sweden","Lima","$6,629"
"Haviva Montgomery","(347) 521-4536","eleifend.nunc.risus@outlook.com","United Kingdom","Azad Kashmir","$7,730"
"Hayden Jenkins","(560) 390-5682","tincidunt.adipiscing.mauris@aol.couk","South Korea","Imo","$5,549"
"Hayes Bernard","1-401-760-8148","commodo@google.couk","New Zealand","North Maluku","$9,309"
"Hayley Cochran","(353) 625-6650","ac.mattis.velit@outlook.couk","Austria","Balıkesir","$6,847"
"Hayley Gentry","1-466-951-9852","in.at@aol.couk","Sweden","Chiapas","$5,874"
"Hedda Harris","1-569-961-1656","luctus@google.ca","South Africa","Niger","$8,078"
"Hedda Mcleod","(213) 683-6367","arcu@protonmail.couk","Brazil","Limousin","$6,686"
"Holmes Morrow","1-228-735-9224","vitae@outlook.org","Costa Rica","Bangsamoro","$9,573"
"Hope Hamilton","(657) 371-5458","sed.eu@hotmail.org","Sweden","Møre og Romsdal","$7,519"
"Howard Banks","(631) 358-7781","primis.in.faucibus@hotmail.com","Canada","Kaluga Oblast","$6,899"
"Hoyt Stout","1-523-317-2666","mollis@icloud.com","Belgium","Mpumalanga","$9,473"
"Hu Valenzuela","1-575-878-8416","nunc.mauris@yahoo.edu","China","Benue","$9,000"
"Hunter Sheppard","(829) 798-3434","neque.nullam@icloud.edu","Austria","Euskadi","$6,926"
"Ifeoma Guzman","1-488-741-2241","eu.enim.etiam@aol.com","Turkey","Dōngběi","$9,442"
"Imani Kinney","(731) 897-5639","sapien.gravida@protonmail.net","New Zealand","Henegouwen","$6,805"
"Imani Landry","(468) 831-6202","fusce.mi@yahoo.ca","South Korea","Jalisco","$8,166"
"Ira Nunez","(922) 767-7024","integer.sem@icloud.org","France","Berkshire","$9,367"
"Ishmael Pitts","(731) 355-1635","lacinia.orci.consectetuer@yahoo.edu","Colombia","Munster","$7,197"
"Ivana Adams","1-977-113-2442","sit.amet@outlook.com","Peru","Gujarat","$5,014"
"Ivy Hays","1-531-666-2217","risus@protonmail.net","Ukraine","Flevoland","$6,370"
"Jakeem Davidson","1-837-777-8173","ut.ipsum@outlook.edu","Costa Rica","Central Region","$8,552"
"Jana Allen","1-513-784-7611","tincidunt@icloud.org","Pakistan","North Island","$7,177"
"Jana Swanson","1-721-348-4578","vitae.dolor.donec@hotmail.net","Poland","Abruzzo","$5,931"
"Jared Valdez","(661) 551-4492","euismod.et@icloud.org","Mexico","Nagaland","$8,900"
"Jason Sheppard","(816) 227-3619","pharetra@hotmail.ca","Norway","Haute-Normandie","$5,668"
"Jason Taylor","(211) 122-0576","accumsan.convallis.ante@protonmail.net","Italy","North Island","$8,089"
"Jasper Joseph","(523) 626-6767","felis.donec@icloud.net","Ukraine","Central Region","$7,510"
"Jeanette Clark","1-475-288-8416","montes.nascetur@protonmail.edu","Russian Federation","Murmansk Oblast","$9,236"
"Jeanette Patrick","(407) 945-3331","pede.nonummy@yahoo.edu","Chile","Cauca","$9,876"
"Jena Malone","(765) 930-6650","nisi.cum.sociis@protonmail.net","South Africa","Lubelskie","$7,556"
"Jescie Rowland","1-274-158-6826","nec@outlook.net","Nigeria","Caldas","$5,795"
"Jin Weber","1-638-747-5880","orci@yahoo.com","Vietnam","North Island","$7,071"
"Jocelyn Berg","1-388-224-8821","lorem.vehicula.et@hotmail.org","China","Gyeonggi","$5,020"
"Jolene Allen","1-176-285-7669","integer@yahoo.ca","South Korea","Goiás","$8,055"
"Jolene Hutchinson","1-616-558-4910","sed.consequat@aol.edu","Pakistan","Northern Mindanao","$8,044"
"Jonas Ferrell","(292) 336-7208","turpis.nulla.aliquet@protonmail.couk","Germany","Mizoram","$8,501"
"Josephine Gonzalez","1-710-303-8871","dapibus@yahoo.net","Nigeria","Abruzzo","$9,620"
"Joshua Jefferson","(326) 392-2503","suscipit.nonummy.fusce@hotmail.ca","Vietnam","Delaware","$9,879"
"Joshua Workman","1-327-194-5891","sed.leo@outlook.net","Italy","East Region","$5,832"
"Josiah Valenzuela","(362) 827-7062","dis.parturient@yahoo.org","South Korea","Chhattisgarh","$7,611"
"Joy Oneil","(573) 772-7937","nunc.ut@aol.net","Philippines","Anambra","$7,007"
"Kaseem Bishop","1-427-275-1682","sed.eget.lacus@google.ca","South Africa","Córdoba","$9,265"
"Kaseem Levine","1-455-898-0978","tincidunt.dui.augue@google.com","Vietnam","Đắk Lắk","$9,980"
"Kaseem Randall","1-293-695-3746","elementum.lorem@outlook.net","Brazil","KwaZulu-Natal","$6,995"
"Kasper Melton","1-581-387-2847","etiam.bibendum.fermentum@aol.edu","Austria","Loreto","$6,013"
"Katell Ayers","1-821-646-3766","porttitor.interdum.sed@outlook.org","Russian Federation","Daman and Diu","$7,914"
"Kathleen Fleming","(437) 186-6328","vulputate.lacus.cras@outlook.couk","Brazil","Cherkasy oblast","$7,510"
"Keiko Payne","(764) 721-4173","eros.non@protonmail.ca","South Africa","Carinthia","$9,462"
"Kelly Rasmussen","1-691-926-8091","donec.consectetuer@hotmail.edu","India","Jeju","$6,634"
"Kelly Walker","1-717-354-6644","nulla.eu.neque@aol.couk","Sweden","Atacama","$8,938"
"Kelsie Summers","1-236-552-5988","malesuada.integer@yahoo.couk","France","Kocaeli","$7,260"
"Kenyon Mathews","(555) 511-1952","quis.urna@icloud.edu","Costa Rica","Euskadi","$5,169"
"Kermit Yates","(158) 468-4624","blandit.at.nisi@hotmail.net","South Korea","Azad Kashmir","$5,031"
"Kessie Flynn","(267) 886-6001","convallis.ante.lectus@icloud.org","United Kingdom","Castilla - La Mancha","$6,671"
"Kiara Gonzales","1-597-480-1113","at.velit@hotmail.couk","China","Jigawa","$7,980"
"Kimberly Wise","1-224-613-0072","ut.tincidunt@yahoo.couk","United States","Eastern Visayas","$6,286"
"Kiona Hood","(548) 742-2440","lectus@yahoo.org","Norway","Nord-Pas-de-Calais","$9,125"
"Kirk Goodwin","(394) 563-3822","euismod.in.dolor@hotmail.net","China","Andhra Pradesh","$5,807"
"Kyla Aguirre","(213) 247-8982","nec.cursus@google.couk","Vietnam","Central Luzon","$6,725"
"Kyla Holman","1-625-473-5824","curabitur.dictum@google.ca","India","Navarra","$7,289"
"Kylan Butler","1-590-590-1748","integer@protonmail.edu","China","Lima","$6,333"
"Kylan Gallagher","1-708-213-1767","risus@icloud.com","Ireland","Adana","$5,522"
"Kylan Woodard","(452) 833-4542","enim.consequat.purus@hotmail.couk","Chile","Atacama","$8,984"
"Kyle Floyd","1-481-764-1535","diam.eu@outlook.couk","Pakistan","Champagne-Ardenne","$8,133"
"Kyle Holt","(865) 254-0231","augue@aol.org","Poland","Mersin","$7,637"
"Kylynn Griffin","(875) 701-9376","nibh@outlook.edu","New Zealand","Khyber Pakhtoonkhwa","$8,527"
"Kyra Harrison","(472) 156-7093","class.aptent@google.couk","Turkey","Delta","$7,281"
"Kyra Stuart","(814) 168-1567","non.quam@google.couk","Singapore","Leinster","$9,519"
"Lacota Stewart","1-236-736-3867","nec.imperdiet@hotmail.org","United States","Australian Capital Territory","$8,837"
"Laith Spencer","1-517-938-1459","fermentum.arcu@outlook.couk","Canada","Leinster","$9,661"
"Lars Sandoval","(221) 456-6514","natoque.penatibus@google.ca","Costa Rica","Hưng Yên","$8,468"
"Lars Schroeder","(523) 796-0705","mauris.ut@aol.couk","Ukraine","Connacht","$9,743"
"Lawrence Casey","1-716-325-8842","neque@aol.org","France","Jönköpings län","$5,766"
"Len Moreno","(739) 727-3346","eu.ligula@yahoo.edu","Norway","Chiapas","$7,762"
"Leo Velez","1-378-806-3453","duis@icloud.couk","Netherlands","North Chungcheong","$5,907"
"Lester Francis","1-328-958-6672","vivamus.nibh.dolor@aol.org","Colombia","Colorado","$5,445"
"Levi Hensley","1-624-413-2631","tellus.sem.mollis@aol.org","Belgium","Baja California","$8,638"
"Lewis Ochoa","1-527-647-7029","et.netus@protonmail.net","Mexico","Manitoba","$9,755"
"Liberty Mckee","1-886-353-6667","integer.vulputate@google.couk","Vietnam","Innlandet","$5,634"
"Lilah Bright","1-975-498-3239","consectetuer.adipiscing@google.edu","Italy","Australian Capital Territory","$6,113"
"Lilah Espinoza","1-743-613-5941","phasellus.vitae.mauris@yahoo.com","South Africa","Kahramanmaraş","$8,733"
"Lillith Santiago","1-517-154-1453","nulla.in@aol.net","Russian Federation","Donetsk oblast","$7,618"
"Macey O'donnell","(211) 766-9373","eu.augue@hotmail.net","Peru","Jharkhand","$9,801"
"MacKenzie Silva","(373) 728-6975","non@hotmail.ca","South Africa","Limón","$5,325"
"Madonna Sharp","(176) 805-2405","fusce@icloud.com","Australia","Nizhny Novgorod Oblast","$9,666"
"Maite Pace","(544) 991-3313","sem.semper@yahoo.net","Italy","Baden Württemberg","$9,956"
"Malik Mills","(225) 245-6161","metus.vitae@outlook.org","Brazil","Mersin","$8,033"
"Maris Day","1-422-484-7840","nostra.per.inceptos@hotmail.ca","India","Bắc Ninh","$5,451"
"Maris Page","1-485-377-0588","cras@icloud.net","Peru","Niger","$6,033"
"Marshall Gillespie","1-457-540-3368","imperdiet@hotmail.org","Costa Rica","Kherson oblast","$8,481"
"Martena Hammond","1-814-308-3978","sollicitudin.adipiscing.ligula@yahoo.edu","Russian Federation","Namen","$8,521"
"Martin Hodge","1-464-516-8807","sed.nulla@aol.org","Spain","Chhattisgarh","$6,804"
"May Kemp","(978) 263-8766","odio@yahoo.com","Pakistan","Brandenburg","$5,469"
"McKenzie Jacobs","1-836-478-7157","risus.in.mi@outlook.couk","Philippines","North-East Region","$8,897"
"Melodie Dejesus","(124) 621-7762","amet@outlook.couk","Nigeria","New South Wales","$8,639"
"Melodie Maynard","1-345-674-2861","ut@google.edu","Norway","Møre og Romsdal","$8,509"
"Mercedes Wilkerson","(497) 447-3761","augue.scelerisque@aol.org","Peru","Aragón","$6,976"
"Merritt Wise","(416) 344-3210","eros.nec.tellus@outlook.org","New Zealand","North Island","$8,678"
"Mira Benson","(542) 244-2934","nisi.nibh@protonmail.couk","Vietnam","Kaluga Oblast","$6,359"
"Miriam Conrad","1-851-840-7345","habitant.morbi@yahoo.ca","Italy","Northern Territory","$9,857"
"Molly Drake","1-522-209-4590","duis.elementum.dui@protonmail.edu","Ukraine","Balıkesir","$5,449"
"Murphy York","1-850-412-1164","nullam.lobortis@outlook.org","Australia","Caldas","$8,600"
"Myles Tucker","(328) 364-6771","nibh@protonmail.couk","Chile","Hatay","$8,717"
"Naida Mercado","1-367-760-2130","cras.eu@hotmail.com","Ireland","Kyiv oblast","$5,869"
"Nasim Britt","(757) 843-5579","vel.sapien@hotmail.net","Italy","Delta","$5,902"
"Nehru Mckay","1-578-868-9955","id.mollis@aol.com","Colombia","Maule","$5,192"
"Nevada Buckner","(322) 974-7517","elit@outlook.ca","Indonesia","Ankara","$6,360"
"Nevada Willis","(418) 364-0579","tincidunt.neque@icloud.net","Costa Rica","Himachal Pradesh","$9,771"
"Nicholas Meyers","1-231-608-0305","egestas@icloud.com","New Zealand","Lubuskie","$5,432"
"Nicole Vance","(467) 210-3682","ullamcorper.eu@protonmail.net","Indonesia","North-East Region","$7,126"
"Odette Castro","1-243-372-6199","facilisis@aol.couk","Canada","Nova Scotia","$5,328"
"Oliver Whitaker","(663) 426-4447","lorem.ipsum@protonmail.org","Singapore","Jeju","$6,584"
"Omar Hayden","(735) 967-1472","nisi.dictum@icloud.ca","Australia","Dnipropetrovsk oblast","$8,737"
"Paki Burke","(205) 930-2341","quis.lectus@outlook.ca","Sweden","Kostroma Oblast","$8,794"
"Paula Holder","1-875-783-6025","tellus.sem@hotmail.couk","Canada","Atacama","$7,717"
"Petra Burch","(412) 109-2861","fusce.mollis@google.com","Poland","Alajuela","$8,533"
"Portia Mullen","1-584-686-3505","dapibus.gravida@outlook.net","United States","Lviv oblast","$6,828"
"Prescott Burke","1-557-347-4146","fringilla.est@aol.edu","New Zealand","Antalya","$9,188"
"Priscilla Mcfarland","(864) 280-7404","proin@yahoo.edu","Nigeria","Central Region","$6,375"
"Quamar Fulton","(551) 172-1173","aliquet@icloud.couk","India","Free State","$5,580"
"Quin Wiggins","(526) 325-5144","donec.fringilla.donec@google.com","Peru","Arequipa","$5,114"
"Quyn Parrish","(957) 179-5642","nec.ante.blandit@icloud.com","Indonesia","North Chungcheong","$8,588"
"Rachel Mcneil","(334) 962-3424","feugiat.non.lobortis@aol.ca","Chile","Aceh","$6,938"
"Rachel Snyder","(995) 831-4631","quisque.porttitor@hotmail.com","Austria","Leinster","$6,740"
"Rajah Swanson","1-652-878-1869","praesent.luctus.curabitur@outlook.edu","Brazil","Brussels Hoofdstedelijk Gewest","$8,661"
"Randall George","(836) 144-0886","faucibus.lectus@protonmail.com","Philippines","Abruzzo","$6,839"
"Randall Olsen","1-788-846-7788","non.hendrerit@outlook.edu","Indonesia","Mpumalanga","$8,010"
"Rashad Christian","1-711-477-2346","eleifend.nec@yahoo.com","Austria","Michigan","$9,934"
"Raya Underwood","(838) 496-0546","mauris.magna.duis@yahoo.couk","Russian Federation","Northern Territory","$5,998"
"Reagan Flowers","(863) 328-2014","hymenaeos@yahoo.couk","Netherlands","Georgia","$8,563"
"Reuben Conley","1-522-382-4732","justo.praesent.luctus@protonmail.ca","Netherlands","North Jeolla","$8,104"
"Rhea Wong","(578) 287-0856","ac.turpis@protonmail.ca","Poland","La Guajira","$6,293"
"Rhiannon Logan","(448) 756-1744","nibh.aliquam.ornare@google.ca","South Africa","Mpumalanga","$5,490"
"Rhonda Dorsey","1-608-261-7220","urna@google.net","Vietnam","Gauteng","$7,788"
"Ria Guerra","(772) 588-8798","semper.tellus.id@hotmail.net","Indonesia","Limpopo","$5,014"
"Rinah Kelley","1-417-534-9442","nascetur.ridiculus.mus@aol.com","Ireland","Mizoram","$6,339"
"Roary Beach","1-488-653-2520","adipiscing.ligula.aenean@protonmail.net","Italy","Manitoba","$8,143"
"Rosalyn Pierce","1-833-872-5186","eget.odio@google.org","Sweden","Mpumalanga","$8,238"
"Roth Farmer","1-624-251-7151","etiam.imperdiet.dictum@outlook.couk","Italy","Burgenland","$5,251"
"Ruth Wiggins","(276) 415-3345","quisque.varius.nam@outlook.com","Canada","Connacht","$9,139"
"Ryder Sutton","(963) 127-6054","eget.laoreet@google.org","Netherlands","Coahuila","$8,986"
"Salvador Manning","(836) 656-7341","faucibus@aol.ca","Austria","Hessen","$8,614"
"Samson Robertson","1-453-946-0173","dui@icloud.couk","Ireland","Antwerpen","$7,754"
"Samuel Raymond","1-490-688-5272","duis.a@outlook.edu","China","Huáběi","$6,216"
"Scarlett Stafford","(962) 788-3483","elit.pretium.et@aol.couk","Costa Rica","Gävleborgs län","$5,758"
"Sebastian Avila","1-795-313-1854","enim.mauris@yahoo.ca","Chile","Chiapas","$9,410"
"Seth Grimes","1-249-867-6684","dui.augue@icloud.org","Ireland","California","$9,021"
"Shad Kim","1-317-435-6885","malesuada.fames@google.couk","United Kingdom","Idaho","$5,810"
"Sharon Ware","(363) 939-3227","orci.donec@outlook.edu","Chile","North Maluku","$8,839"
"Sierra Holt","1-959-566-5545","arcu.curabitur.ut@google.net","Colombia","Norte de Santander","$9,270"
"Signe Heath","(891) 759-8394","ridiculus.mus@aol.org","Sweden","Noord Holland","$7,885"
"Sigourney Chandler","(387) 565-5075","tincidunt.tempus@aol.net","Chile","Central Java","$5,704"
"Sigourney Evans","(554) 642-8714","viverra@protonmail.edu","Russian Federation","North Island","$7,151"
"Sigourney Nielsen","1-331-423-3449","pede.malesuada@icloud.ca","Sweden","Niger","$8,351"
"Silas Sharpe","1-851-185-6227","tellus.eu.augue@protonmail.net","Colombia","Luxemburg","$9,469"
"Simon Espinoza","1-187-581-9471","tellus.aenean.egestas@aol.net","Indonesia","East Region","$6,332"
"Simon Flores","(238) 768-6898","vel.quam.dignissim@aol.edu","Ireland","Cartago","$8,030"
"Slade Suarez","(476) 432-2720","scelerisque@outlook.com","Sweden","Nordland","$5,122"
"Stone Morton","1-255-561-7557","sed.auctor.odio@aol.ca","Poland","Huádōng","$7,394"
"Suki Berry","1-628-775-4510","nulla.aliquet.proin@outlook.ca","Vietnam","Heredia","$6,856"
"Summer Lowery","(221) 724-1418","auctor@hotmail.couk","Colombia","North Jeolla","$5,595"
"Tara Wilder","1-791-377-5082","dolor.vitae.dolor@aol.couk","Poland","Île-de-France","$8,601"
"Tasha Reilly","1-346-315-9232","hendrerit.neque.in@hotmail.couk","India","Extremadura","$6,087"
"Thomas Oneil","(788) 213-7325","sed@protonmail.net","United States","Brussels Hoofdstedelijk Gewest","$9,656"
"Timon Salinas","1-542-293-7378","non.dapibus@aol.net","United Kingdom","Cesar","$7,092"
"Tucker Adams","1-594-752-2025","mauris@google.com","Poland","Khyber Pakhtoonkhwa","$5,520"
"Tyler Kaufman","1-818-464-6795","pede@outlook.edu","India","Maharastra","$9,899"
"Tyler Patel","(351) 970-0623","dignissim.tempor@hotmail.couk","Germany","Konya","$7,911"
"Tyler Tyler","1-483-751-6865","tristique@hotmail.net","United States","Limón","$5,731"
"Ulysses Mcdowell","1-838-186-7283","dictum.phasellus.in@outlook.org","United States","Lima","$6,530"
"Unity Ingram","(386) 112-5902","per.conubia@protonmail.org","India","Massachusetts","$5,407"
"Unity Mckay","1-368-351-4284","cursus.vestibulum@protonmail.com","Australia","Île-de-France","$7,841"
"Uriah Carey","(426) 652-9565","ornare.egestas.ligula@yahoo.edu","Spain","Nordland","$7,354"
"Urielle Clements","(521) 983-6535","habitant.morbi.tristique@aol.net","Peru","Antofagasta","$8,798"
"Valentine Henson","(980) 885-1835","metus.eu@google.com","Costa Rica","Marche","$6,529"
"Vance Fuller","(425) 240-4666","arcu.vestibulum.ante@protonmail.org","Chile","Hà Nam","$9,729"
"Vance Spencer","1-522-696-5625","aliquet.sem.ut@outlook.couk","Costa Rica","Hertfordshire","$5,299"
"Venus Sandoval","1-412-399-6385","tempus.scelerisque@icloud.couk","Colombia","Lower Austria","$7,971"
"Venus Velasquez","(428) 323-6733","vulputate.lacus@yahoo.couk","Peru","Kon Tum","$7,649"
"Virginia Davenport","(381) 745-4497","maecenas.iaculis.aliquet@hotmail.couk","Turkey","Australian Capital Territory","$7,032"
"Vivian Richards","1-272-700-9263","sed.malesuada.augue@yahoo.couk","Netherlands","Kharkiv oblast","$9,491"
"Vivian Tanner","(348) 915-5774","magnis.dis@aol.com","Indonesia","Los Lagos","$6,078"
"Wade Mcmillan","(272) 866-1813","vehicula.et@aol.couk","Austria","Liguria","$8,829"
"Walker Mcfadden","(567) 368-6326","risus@hotmail.net","France","Bình Dương","$7,641"
"Walter Gaines","(293) 649-6116","tellus.phasellus@protonmail.com","United States","Distrito Capital","$9,199"
"Wanda Roach","(617) 298-8228","ullamcorper.duis.cursus@aol.ca","Costa Rica","Los Ríos","$6,429"
"Warren Wilkins","(927) 652-4315","aliquet.magna@outlook.ca","Indonesia","Kyiv oblast","$9,163"
"Xantha Price","1-334-343-1764","duis.sit@google.org","China","Champagne-Ardenne","$8,216"
"Xaviera Harrington","(695) 288-0617","mauris.suspendisse.aliquet@icloud.ca","Austria","Nairnshire","$9,762"
"Xena Zamora","(631) 887-4714","non.egestas@icloud.couk","Chile","Aisén","$6,100"
"Yen Chavez","(249) 467-0469","et.magnis@outlook.ca","Norway","Donetsk oblast","$9,319"
"Yetta Oneil","1-115-377-8467","gravida.nunc@hotmail.com","Costa Rica","Aydın","$5,277"
"Zelda Baird","(405) 913-3835","risus.quis@icloud.com","Australia","Friesland","$8,942"
"Zelenia Bartlett","(321) 478-4124","odio.aliquam@outlook.com","United Kingdom","North Island","$6,023"
"Zephr Mckinney","(700) 713-8388","ac@google.com","Peru","Limón","$7,711"
"Zeus Snyder","1-937-871-7272","sit.amet@icloud.couk","Nigeria","North Island","$6,176"
